case,seed,task_id,tickets,work_units_completed,dispatches,observed_share
case3,1,1,100,1968000,1968,0.196800
case3,1,2,100,1994000,1994,0.199400
case3,1,3,100,2031000,2031,0.203100
case3,1,4,100,2023000,2023,0.202300
case3,1,5,100,1984000,1984,0.198400
case3,2,1,100,1978000,1978,0.197800
case3,2,2,100,2061000,2061,0.206100
case3,2,3,100,1972000,1972,0.197200
case3,2,4,100,1968000,1968,0.196800
case3,2,5,100,2021000,2021,0.202100
case3,3,1,100,1998000,1998,0.199800
case3,3,2,100,1989000,1989,0.198900
case3,3,3,100,2040000,2040,0.204000
case3,3,4,100,2020000,2020,0.202000
case3,3,5,100,1953000,1953,0.195300
case3,4,1,100,1970000,1970,0.197000
case3,4,2,100,2001000,2001,0.200100
case3,4,3,100,2010000,2010,0.201000
case3,4,4,100,2069000,2069,0.206900
case3,4,5,100,1950000,1950,0.195000
case3,5,1,100,1980000,1980,0.198000
case3,5,2,100,2048000,2048,0.204800
case3,5,3,100,2008000,2008,0.200800
case3,5,4,100,1982000,1982,0.198200
case3,5,5,100,1982000,1982,0.198200
case3,6,1,100,2025000,2025,0.202500
case3,6,2,100,1934000,1934,0.193400
case3,6,3,100,2013000,2013,0.201300
case3,6,4,100,2012000,2012,0.201200
case3,6,5,100,2016000,2016,0.201600
case3,7,1,100,2021000,2021,0.202100
case3,7,2,100,1968000,1968,0.196800
case3,7,3,100,2028000,2028,0.202800
case3,7,4,100,1975000,1975,0.197500
case3,7,5,100,2008000,2008,0.200800
case3,8,1,100,1928000,1928,0.192800
case3,8,2,100,2066000,2066,0.206600
case3,8,3,100,1951000,1951,0.195100
case3,8,4,100,2021000,2021,0.202100
case3,8,5,100,2034000,2034,0.203400
case3,9,1,100,1988000,1988,0.198800
case3,9,2,100,2068000,2068,0.206800
case3,9,3,100,1987000,1987,0.198700
case3,9,4,100,1949000,1949,0.194900
case3,9,5,100,2008000,2008,0.200800
case3,10,1,100,1951000,1951,0.195100
case3,10,2,100,1989000,1989,0.198900
case3,10,3,100,2034000,2034,0.203400
case3,10,4,100,2003000,2003,0.200300
case3,10,5,100,2023000,2023,0.202300
case3,11,1,100,2007000,2007,0.200700
case3,11,2,100,2002000,2002,0.200200
case3,11,3,100,1998000,1998,0.199800
case3,11,4,100,1977000,1977,0.197700
case3,11,5,100,2016000,2016,0.201600
case3,12,1,100,2010000,2010,0.201000
case3,12,2,100,2063000,2063,0.206300
case3,12,3,100,1911000,1911,0.191100
case3,12,4,100,2042000,2042,0.204200
case3,12,5,100,1974000,1974,0.197400
case3,13,1,100,1972000,1972,0.197200
case3,13,2,100,1970000,1970,0.197000
case3,13,3,100,2043000,2043,0.204300
case3,13,4,100,2053000,2053,0.205300
case3,13,5,100,1962000,1962,0.196200
case3,14,1,100,2057000,2057,0.205700
case3,14,2,100,1964000,1964,0.196400
case3,14,3,100,1991000,1991,0.199100
case3,14,4,100,2012000,2012,0.201200
case3,14,5,100,1976000,1976,0.197600
case3,15,1,100,1972000,1972,0.197200
case3,15,2,100,2078000,2078,0.207800
case3,15,3,100,1998000,1998,0.199800
case3,15,4,100,1978000,1978,0.197800
case3,15,5,100,1974000,1974,0.197400
case3,16,1,100,2035000,2035,0.203500
case3,16,2,100,1953000,1953,0.195300
case3,16,3,100,1940000,1940,0.194000
case3,16,4,100,2038000,2038,0.203800
case3,16,5,100,2034000,2034,0.203400
case3,17,1,100,1924000,1924,0.192400
case3,17,2,100,2022000,2022,0.202200
case3,17,3,100,1992000,1992,0.199200
case3,17,4,100,2016000,2016,0.201600
case3,17,5,100,2046000,2046,0.204600
case3,18,1,100,2022000,2022,0.202200
case3,18,2,100,1988000,1988,0.198800
case3,18,3,100,1967000,1967,0.196700
case3,18,4,100,2055000,2055,0.205500
case3,18,5,100,1968000,1968,0.196800
case3,19,1,100,2045000,2045,0.204500
case3,19,2,100,1959000,1959,0.195900
case3,19,3,100,1974000,1974,0.197400
case3,19,4,100,2007000,2007,0.200700
case3,19,5,100,2015000,2015,0.201500
case3,20,1,100,1983000,1983,0.198300
case3,20,2,100,2027000,2027,0.202700
case3,20,3,100,2015000,2015,0.201500
case3,20,4,100,1946000,1946,0.194600
case3,20,5,100,2029000,2029,0.202900
case3,21,1,100,2046000,2046,0.204600
case3,21,2,100,2035000,2035,0.203500
case3,21,3,100,2022000,2022,0.202200
case3,21,4,100,1972000,1972,0.197200
case3,21,5,100,1925000,1925,0.192500
case3,22,1,100,1964000,1964,0.196400
case3,22,2,100,2076000,2076,0.207600
case3,22,3,100,1941000,1941,0.194100
case3,22,4,100,1972000,1972,0.197200
case3,22,5,100,2047000,2047,0.204700
case3,23,1,100,1964000,1964,0.196400
case3,23,2,100,1958000,1958,0.195800
case3,23,3,100,2077000,2077,0.207700
case3,23,4,100,2029000,2029,0.202900
case3,23,5,100,1972000,1972,0.197200
case3,24,1,100,1963000,1963,0.196300
case3,24,2,100,2033000,2033,0.203300
case3,24,3,100,2011000,2011,0.201100
case3,24,4,100,1982000,1982,0.198200
case3,24,5,100,2011000,2011,0.201100
case3,25,1,100,2008000,2008,0.200800
case3,25,2,100,2042000,2042,0.204200
case3,25,3,100,1998000,1998,0.199800
case3,25,4,100,1999000,1999,0.199900
case3,25,5,100,1953000,1953,0.195300
case3,26,1,100,1972000,1972,0.197200
case3,26,2,100,1960000,1960,0.196000
case3,26,3,100,1972000,1972,0.197200
case3,26,4,100,2000000,2000,0.200000
case3,26,5,100,2096000,2096,0.209600
case3,27,1,100,1976000,1976,0.197600
case3,27,2,100,2006000,2006,0.200600
case3,27,3,100,2061000,2061,0.206100
case3,27,4,100,2005000,2005,0.200500
case3,27,5,100,1952000,1952,0.195200
case3,28,1,100,2037000,2037,0.203700
case3,28,2,100,1995000,1995,0.199500
case3,28,3,100,1985000,1985,0.198500
case3,28,4,100,2042000,2042,0.204200
case3,28,5,100,1941000,1941,0.194100
case3,29,1,100,1965000,1965,0.196500
case3,29,2,100,1969000,1969,0.196900
case3,29,3,100,2006000,2006,0.200600
case3,29,4,100,2031000,2031,0.203100
case3,29,5,100,2029000,2029,0.202900
case3,30,1,100,2062000,2062,0.206200
case3,30,2,100,2001000,2001,0.200100
case3,30,3,100,1946000,1946,0.194600
case3,30,4,100,1961000,1961,0.196100
case3,30,5,100,2030000,2030,0.203000
case4,1,1,10,655000,655,0.065500
case4,1,2,20,1313000,1313,0.131300
case4,1,3,30,1942000,1942,0.194200
case4,1,4,40,2695000,2695,0.269500
case4,1,5,50,3395000,3395,0.339500
case4,2,1,10,627000,627,0.062700
case4,2,2,20,1310000,1310,0.131000
case4,2,3,30,2057000,2057,0.205700
case4,2,4,40,2690000,2690,0.269000
case4,2,5,50,3316000,3316,0.331600
case4,3,1,10,689000,689,0.068900
case4,3,2,20,1331000,1331,0.133100
case4,3,3,30,1982000,1982,0.198200
case4,3,4,40,2736000,2736,0.273600
case4,3,5,50,3262000,3262,0.326200
case4,4,1,10,652000,652,0.065200
case4,4,2,20,1320000,1320,0.132000
case4,4,3,30,1977000,1977,0.197700
case4,4,4,40,2761000,2761,0.276100
case4,4,5,50,3290000,3290,0.329000
case4,5,1,10,706000,706,0.070600
case4,5,2,20,1276000,1276,0.127600
case4,5,3,30,2022000,2022,0.202200
case4,5,4,40,2700000,2700,0.270000
case4,5,5,50,3296000,3296,0.329600
case4,6,1,10,685000,685,0.068500
case4,6,2,20,1268000,1268,0.126800
case4,6,3,30,2015000,2015,0.201500
case4,6,4,40,2656000,2656,0.265600
case4,6,5,50,3376000,3376,0.337600
case4,7,1,10,684000,684,0.068400
case4,7,2,20,1286000,1286,0.128600
case4,7,3,30,1984000,1984,0.198400
case4,7,4,40,2735000,2735,0.273500
case4,7,5,50,3311000,3311,0.331100
case4,8,1,10,648000,648,0.064800
case4,8,2,20,1387000,1387,0.138700
case4,8,3,30,2042000,2042,0.204200
case4,8,4,40,2675000,2675,0.267500
case4,8,5,50,3248000,3248,0.324800
case4,9,1,10,674000,674,0.067400
case4,9,2,20,1354000,1354,0.135400
case4,9,3,30,1973000,1973,0.197300
case4,9,4,40,2645000,2645,0.264500
case4,9,5,50,3354000,3354,0.335400
case4,10,1,10,594000,594,0.059400
case4,10,2,20,1353000,1353,0.135300
case4,10,3,30,2038000,2038,0.203800
case4,10,4,40,2688000,2688,0.268800
case4,10,5,50,3327000,3327,0.332700
case4,11,1,10,629000,629,0.062900
case4,11,2,20,1303000,1303,0.130300
case4,11,3,30,2084000,2084,0.208400
case4,11,4,40,2672000,2672,0.267200
case4,11,5,50,3312000,3312,0.331200
case4,12,1,10,740000,740,0.074000
case4,12,2,20,1313000,1313,0.131300
case4,12,3,30,2018000,2018,0.201800
case4,12,4,40,2686000,2686,0.268600
case4,12,5,50,3243000,3243,0.324300
case4,13,1,10,674000,674,0.067400
case4,13,2,20,1356000,1356,0.135600
case4,13,3,30,2012000,2012,0.201200
case4,13,4,40,2644000,2644,0.264400
case4,13,5,50,3314000,3314,0.331400
case4,14,1,10,698000,698,0.069800
case4,14,2,20,1374000,1374,0.137400
case4,14,3,30,2011000,2011,0.201100
case4,14,4,40,2688000,2688,0.268800
case4,14,5,50,3229000,3229,0.322900
case4,15,1,10,671000,671,0.067100
case4,15,2,20,1326000,1326,0.132600
case4,15,3,30,1988000,1988,0.198800
case4,15,4,40,2630000,2630,0.263000
case4,15,5,50,3385000,3385,0.338500
case4,16,1,10,685000,685,0.068500
case4,16,2,20,1376000,1376,0.137600
case4,16,3,30,1960000,1960,0.196000
case4,16,4,40,2679000,2679,0.267900
case4,16,5,50,3300000,3300,0.330000
case4,17,1,10,683000,683,0.068300
case4,17,2,20,1358000,1358,0.135800
case4,17,3,30,1998000,1998,0.199800
case4,17,4,40,2658000,2658,0.265800
case4,17,5,50,3303000,3303,0.330300
case4,18,1,10,679000,679,0.067900
case4,18,2,20,1316000,1316,0.131600
case4,18,3,30,2056000,2056,0.205600
case4,18,4,40,2621000,2621,0.262100
case4,18,5,50,3328000,3328,0.332800
case4,19,1,10,647000,647,0.064700
case4,19,2,20,1318000,1318,0.131800
case4,19,3,30,2000000,2000,0.200000
case4,19,4,40,2733000,2733,0.273300
case4,19,5,50,3302000,3302,0.330200
case4,20,1,10,623000,623,0.062300
case4,20,2,20,1377000,1377,0.137700
case4,20,3,30,1992000,1992,0.199200
case4,20,4,40,2740000,2740,0.274000
case4,20,5,50,3268000,3268,0.326800
case4,21,1,10,659000,659,0.065900
case4,21,2,20,1280000,1280,0.128000
case4,21,3,30,1976000,1976,0.197600
case4,21,4,40,2677000,2677,0.267700
case4,21,5,50,3408000,3408,0.340800
case4,22,1,10,684000,684,0.068400
case4,22,2,20,1386000,1386,0.138600
case4,22,3,30,1982000,1982,0.198200
case4,22,4,40,2648000,2648,0.264800
case4,22,5,50,3300000,3300,0.330000
case4,23,1,10,677000,677,0.067700
case4,23,2,20,1272000,1272,0.127200
case4,23,3,30,2028000,2028,0.202800
case4,23,4,40,2693000,2693,0.269300
case4,23,5,50,3330000,3330,0.333000
case4,24,1,10,712000,712,0.071200
case4,24,2,20,1404000,1404,0.140400
case4,24,3,30,1959000,1959,0.195900
case4,24,4,40,2715000,2715,0.271500
case4,24,5,50,3210000,3210,0.321000
case4,25,1,10,659000,659,0.065900
case4,25,2,20,1265000,1265,0.126500
case4,25,3,30,2132000,2132,0.213200
case4,25,4,40,2620000,2620,0.262000
case4,25,5,50,3324000,3324,0.332400
case4,26,1,10,646000,646,0.064600
case4,26,2,20,1290000,1290,0.129000
case4,26,3,30,1999000,1999,0.199900
case4,26,4,40,2655000,2655,0.265500
case4,26,5,50,3410000,3410,0.341000
case4,27,1,10,665000,665,0.066500
case4,27,2,20,1325000,1325,0.132500
case4,27,3,30,2045000,2045,0.204500
case4,27,4,40,2691000,2691,0.269100
case4,27,5,50,3274000,3274,0.327400
case4,28,1,10,686000,686,0.068600
case4,28,2,20,1321000,1321,0.132100
case4,28,3,30,2028000,2028,0.202800
case4,28,4,40,2623000,2623,0.262300
case4,28,5,50,3342000,3342,0.334200
case4,29,1,10,711000,711,0.071100
case4,29,2,20,1335000,1335,0.133500
case4,29,3,30,2006000,2006,0.200600
case4,29,4,40,2657000,2657,0.265700
case4,29,5,50,3291000,3291,0.329100
case4,30,1,10,643000,643,0.064300
case4,30,2,20,1278000,1278,0.127800
case4,30,3,30,2067000,2067,0.206700
case4,30,4,40,2659000,2659,0.265900
case4,30,5,50,3353000,3353,0.335300
